{"cameraMode":{"drawMode":0,"name":"Shaded","section":"Shading Mode"},"sceneLighting":false,"audioPlay":false,"sceneViewState":{"showFog":true,"showMaterialUpdate":true,"showSkybox":true,"showFlares":true,"showImageEffects":true,"showParticleSystems":true},"in2DMode":false,"pivot":{"x":0.6729632616043091,"y":-1.3765020370483399,"z":-5.577572822570801},"rotation":{"x":-0.2903186082839966,"y":0.6707783937454224,"z":-0.32427966594696047,"w":-0.6005317568778992},"size":11.411661148071289,"orthographic":false}