{"cameraMode":{"drawMode":0,"name":"Shaded","section":"Shading Mode"},"sceneLighting":false,"audioPlay":false,"sceneViewState":{"showFog":true,"showMaterialUpdate":true,"showSkybox":false,"showFlares":true,"showImageEffects":true,"showParticleSystems":true},"in2DMode":false,"pivot":{"x":2.33001708984375,"y":6.16998291015625,"z":3.0409998893737795},"rotation":{"x":-0.2903186082839966,"y":0.6707783937454224,"z":-0.32427966594696047,"w":-0.6005317568778992},"size":7.072993278503418,"orthographic":false}