{"cameraMode":{"drawMode":0,"name":"Shaded","section":"Shading Mode"},"sceneLighting":false,"audioPlay":false,"sceneViewState":{"showFog":true,"showMaterialUpdate":false,"showSkybox":false,"showFlares":true,"showImageEffects":true,"showParticleSystems":true},"in2DMode":false,"pivot":{"x":1.5054423809051514,"y":3.1491949558258058,"z":-0.9166503548622131},"rotation":{"x":0.04284697771072388,"y":0.9452415108680725,"z":-0.29239824414253237,"w":0.13851337134838105},"size":2.9663496017456056,"orthographic":false}