{"cameraMode":{"drawMode":0,"name":"Shaded","section":"Shading Mode"},"sceneLighting":false,"audioPlay":false,"sceneViewState":{"showFog":true,"showMaterialUpdate":false,"showSkybox":false,"showFlares":true,"showImageEffects":true,"showParticleSystems":true},"in2DMode":false,"pivot":{"x":3.673004150390625,"y":3.99200439453125,"z":-3.1640000343322756},"rotation":{"x":0.07237817347049713,"y":0.9079091548919678,"z":-0.1759248822927475,"w":0.3735142946243286},"size":2.9745631217956545,"orthographic":true}